{"cameraMode":{"drawMode":0,"name":"Shaded","section":"Shading Mode"},"sceneLighting":false,"audioPlay":false,"sceneViewState":{"showFog":true,"showMaterialUpdate":false,"showSkybox":true,"showFlares":true,"showImageEffects":true,"showParticleSystems":true},"in2DMode":false,"pivot":{"x":4.5156707763671879,"y":-4.517453193664551,"z":9.953080177307129},"rotation":{"x":0.14427846670150758,"y":0.4066702723503113,"z":-0.06521115452051163,"w":0.899750292301178},"size":37.52360916137695,"orthographic":false}