{"cameraMode":{"drawMode":0,"name":"Shaded","section":"Shading Mode"},"sceneLighting":false,"audioPlay":false,"sceneViewState":{"showFog":true,"showMaterialUpdate":false,"showSkybox":true,"showFlares":true,"showImageEffects":true,"showParticleSystems":true},"in2DMode":false,"pivot":{"x":-13.130912780761719,"y":3.8772811889648439,"z":-2.337376832962036},"rotation":{"x":0.014154885895550251,"y":-0.6876286864280701,"z":-0.013410374522209168,"w":-0.7258007526397705},"size":9.806061744689942,"orthographic":false}