{"cameraMode":{"drawMode":0,"name":"Shaded","section":"Shading Mode"},"sceneLighting":false,"audioPlay":false,"sceneViewState":{"showFog":true,"showMaterialUpdate":false,"showSkybox":true,"showFlares":true,"showImageEffects":true,"showParticleSystems":true},"in2DMode":false,"pivot":{"x":4.948294639587402,"y":8.839460372924805,"z":0.9929486513137817},"rotation":{"x":0.46860894560813906,"y":0.49920594692230227,"z":-0.3739342987537384,"w":0.6255974769592285},"size":23.691387176513673,"orthographic":false}