{"cameraMode":{"drawMode":0,"name":"Shaded","section":"Shading Mode"},"sceneLighting":false,"audioPlay":false,"sceneViewState":{"showFog":true,"showMaterialUpdate":false,"showSkybox":true,"showFlares":true,"showImageEffects":true,"showParticleSystems":true},"in2DMode":false,"pivot":{"x":-13.143791198730469,"y":3.024433135986328,"z":-2.190937042236328},"rotation":{"x":-0.01754397340118885,"y":-0.6820994019508362,"z":0.01637358032166958,"w":-0.7308656573295593},"size":9.806061744689942,"orthographic":false}