{"cameraMode":{"drawMode":0,"name":"Shaded","section":"Shading Mode"},"sceneLighting":false,"audioPlay":false,"sceneViewState":{"showFog":true,"showMaterialUpdate":false,"showSkybox":true,"showFlares":true,"showImageEffects":true,"showParticleSystems":true},"in2DMode":false,"pivot":{"x":7.889987945556641,"y":5.543359756469727,"z":1.156348705291748},"rotation":{"x":-0.015047352761030198,"y":-0.6973429322242737,"z":0.014646483585238457,"w":-0.7164300084114075},"size":42.77772521972656,"orthographic":false}