{"cameraMode":{"drawMode":0,"name":"Shaded","section":"Shading Mode"},"sceneLighting":false,"audioPlay":false,"sceneViewState":{"showFog":true,"showMaterialUpdate":false,"showSkybox":true,"showFlares":true,"showImageEffects":true,"showParticleSystems":true},"in2DMode":false,"pivot":{"x":-0.438995361328125,"y":1.1848396062850953,"z":1.4406957626342774},"rotation":{"x":0.04315020889043808,"y":0.4691818952560425,"z":-0.022960390895605089,"w":0.881747841835022},"size":29.15761947631836,"orthographic":false}