{"cameraMode":{"drawMode":0,"name":"Shaded","section":"Shading Mode"},"sceneLighting":false,"audioPlay":false,"sceneViewState":{"showFog":true,"showMaterialUpdate":false,"showSkybox":true,"showFlares":true,"showImageEffects":true,"showParticleSystems":true},"in2DMode":false,"pivot":{"x":-14.581671714782715,"y":8.66218376159668,"z":-2.7662336826324465},"rotation":{"x":0.19487233459949494,"y":-0.6759628057479858,"z":-0.19254766404628755,"w":-0.6841232180595398},"size":9.806061744689942,"orthographic":false}