{"cameraMode":{"drawMode":0,"name":"Shaded","section":"Shading Mode"},"sceneLighting":false,"audioPlay":false,"sceneViewState":{"showFog":true,"showMaterialUpdate":false,"showSkybox":true,"showFlares":true,"showImageEffects":true,"showParticleSystems":true},"in2DMode":false,"pivot":{"x":-13.17663288116455,"y":4.6396331787109379,"z":-2.7785756587982179},"rotation":{"x":0.04152793064713478,"y":-0.7027137279510498,"z":-0.04115576297044754,"w":-0.7090663909912109},"size":9.806061744689942,"orthographic":false}