{"cameraMode":{"drawMode":0,"name":"Shaded","section":"Shading Mode"},"sceneLighting":false,"audioPlay":false,"sceneViewState":{"showFog":true,"showMaterialUpdate":false,"showSkybox":true,"showFlares":true,"showImageEffects":true,"showParticleSystems":true},"in2DMode":false,"pivot":{"x":0.11029750108718872,"y":5.5330328941345219,"z":1.7857322692871094},"rotation":{"x":-0.15684524178504945,"y":-0.007407100405544043,"z":0.0011763613438233734,"w":-0.987594723701477},"size":21.84639549255371,"orthographic":false}