{"cameraMode":{"drawMode":0,"name":"Shaded","section":"Shading Mode"},"sceneLighting":false,"audioPlay":false,"sceneViewState":{"showFog":true,"showMaterialUpdate":false,"showSkybox":true,"showFlares":true,"showImageEffects":true,"showParticleSystems":true},"in2DMode":false,"pivot":{"x":-2.0832700729370119,"y":16.0,"z":-5.6610002517700199},"rotation":{"x":0.7123828530311585,"y":-0.0031580093782395126,"z":0.00320573546923697,"w":0.7017766237258911},"size":0.7610918879508972,"orthographic":false}