{"cameraMode":{"drawMode":0,"name":"Shaded","section":"Shading Mode"},"sceneLighting":false,"audioPlay":false,"sceneViewState":{"showFog":true,"showMaterialUpdate":false,"showSkybox":true,"showFlares":true,"showImageEffects":true,"showParticleSystems":true},"in2DMode":false,"pivot":{"x":381.507080078125,"y":254.47833251953126,"z":-1.605712890625},"rotation":{"x":-0.032983288168907168,"y":0.025483353063464166,"z":0.0008412564056925476,"w":0.9991306066513062},"size":462.129150390625,"orthographic":false}