{"cameraMode":{"drawMode":0,"name":"Shaded","section":"Shading Mode"},"sceneLighting":false,"audioPlay":false,"sceneViewState":{"showFog":true,"showMaterialUpdate":false,"showSkybox":true,"showFlares":true,"showImageEffects":true,"showParticleSystems":true},"in2DMode":false,"pivot":{"x":-42.34343719482422,"y":20.952939987182618,"z":-2.5403285026550295},"rotation":{"x":-0.08234958350658417,"y":-0.72830730676651,"z":-0.0889277309179306,"w":0.6744470596313477},"size":65.8041763305664,"orthographic":false}